                  epoch,         train/box_loss,         train/cls_loss,         train/dfl_loss,   metrics/precision(B),      metrics/recall(B),       metrics/mAP50(B),    metrics/mAP50-95(B),           val/box_loss,           val/cls_loss,           val/dfl_loss,                 lr/pg0,                 lr/pg1,                 lr/pg2
                      1,                 2.8651,                 3.5022,                 4.2789,                0.00333,                      1,                0.01359,                0.00814,                 2.1075,                 3.2962,                 4.1587,                 0.0991,                 0.0001,                 0.0001
                      2,                 2.9155,                 3.4348,                 4.2408,                0.00333,                      1,                0.02208,                0.01159,                 2.1075,                 3.2961,                 4.1586,               0.097299,             0.00029941,             0.00029941
                      3,                 2.7542,                 3.4748,                 4.2735,                0.00333,                      1,                0.02714,                0.01495,                 2.1803,                 3.2781,                 4.0119,               0.095498,             0.00049802,             0.00049802
                      4,                 2.7658,                 3.2332,                 4.0878,                0.00333,                      1,                0.02714,                0.01495,                 2.0688,                 4.1052,                 3.7927,               0.093696,             0.00069584,             0.00069584
                      5,                 3.0346,                 3.0824,                 3.9614,                0.00333,                      1,                0.02714,                0.01495,                 2.1041,                 4.1054,                 3.6486,               0.091893,             0.00089287,             0.00089287
                      6,                 3.0756,                 3.2151,                 3.8454,                0.00333,                      1,                0.02927,                0.01728,                 2.3316,                  3.373,                 3.5525,               0.090089,              0.0010891,              0.0010891
                      7,                 2.7097,                 2.9887,                 3.6015,                0.00333,                      1,                0.04242,                 0.0117,                 2.6404,                 3.3792,                 3.5152,               0.088285,              0.0012846,              0.0012846
                      8,                 2.7818,                 2.9532,                 3.4598,                0.00333,                      1,                0.04235,                0.01068,                 2.6639,                 3.3216,                 3.4219,               0.086479,              0.0014792,              0.0014792
                      9,                 2.7274,                 3.0772,                 3.3273,                0.00333,                      1,                0.04251,                0.01246,                  2.615,                 3.3368,                 3.3595,               0.084673,              0.0016731,              0.0016731
                     10,                 2.7893,                  2.876,                 3.3562,                0.00333,                      1,                0.06835,                0.02393,                 2.5744,                 3.3053,                 3.3061,               0.082866,              0.0018661,              0.0018661
                     11,                 2.6487,                 2.7407,                  3.331,                0.00333,                      1,                0.29081,                 0.1201,                 2.4459,                 3.6755,                  3.231,               0.081058,              0.0020584,              0.0020584
                     12,                 2.6858,                 2.5929,                  3.255,                0.01983,                      1,                0.18072,                0.05185,                 2.2877,                  7.083,                 3.1669,                0.07925,              0.0022499,              0.0022499
                     13,                 2.8377,                  2.795,                 3.4484,                0.02523,                      1,                 0.1449,                0.05824,                 2.2066,                 29.395,                 3.1317,               0.077441,              0.0024406,              0.0024406
                     14,                 2.5326,                 2.6103,                 3.1958,                 0.0203,                      1,                0.17117,                0.05393,                 2.2957,                 86.267,                 3.3478,               0.075631,              0.0026305,              0.0026305
                     15,                 2.8586,                 2.6349,                 3.2804,                0.01779,                      1,                0.07525,                0.03216,                 2.3068,                 149.86,                 3.6488,                0.07382,              0.0028196,              0.0028196
                     16,                 2.7442,                 2.5161,                 3.3564,                0.01563,                      1,                0.02849,                0.01262,                  2.298,                 227.26,                 4.1729,               0.072008,              0.0030079,              0.0030079
                     17,                 2.5211,                 2.3428,                 3.1446,                0.01724,                      1,                0.02157,                0.00889,                 2.3542,                  360.6,                 4.9793,               0.070195,              0.0031955,              0.0031955
                     18,                 2.8769,                  2.584,                 3.3844,                0.01471,                      1,                0.01858,                0.00772,                 2.4539,                    475,                 5.9142,               0.068382,              0.0033822,              0.0033822
                     19,                  2.699,                 2.4193,                 3.3006,                0.01471,                      1,                0.01691,                 0.0105,                 2.4701,                  435.9,                 6.1574,               0.066568,              0.0035681,              0.0035681
                     20,                 2.6511,                  2.299,                 3.2419,                0.01233,                      1,                0.01572,                0.00514,                 2.7377,                 516.58,                 9.6584,               0.064753,              0.0037533,              0.0037533
                     21,                 2.5619,                  2.321,                 3.2037,                0.01058,                      1,                0.04522,                0.00795,                 2.7732,                    inf,                 17.998,               0.062938,              0.0039376,              0.0039376
                     22,                 2.6518,                 2.3643,                 3.2396,                 0.0036,                      1,                0.00513,                0.00177,                 2.8216,                    inf,                 33.398,               0.061121,              0.0041212,              0.0041212
                     23,                 2.8492,                 2.3555,                 3.2955,                0.00333,                      1,                0.00532,                0.00148,                 3.3264,                    inf,                 135.55,               0.059304,               0.004304,               0.004304
                     24,                 2.6547,                 2.5086,                 3.2075,                0.00333,                      1,                0.00532,                0.00148,                 3.7275,                    inf,                 416.13,               0.057486,               0.004486,               0.004486
                     25,                  2.652,                 2.3398,                 3.2561,                0.00167,                    0.5,                0.00134,                0.00013,                 3.7134,                    inf,                  759.7,               0.055667,              0.0046672,              0.0046672
                     26,                 2.5793,                 2.1892,                 3.2237,                0.00333,                      1,                0.00406,                0.00087,                 4.1172,                    inf,                 1207.1,               0.053848,              0.0048475,              0.0048475
                     27,                 2.6306,                 2.1025,                 3.1444,                0.00343,                      1,                0.00503,                0.00139,                 4.0515,                    inf,                 1243.6,               0.052027,              0.0050272,              0.0050272
                     28,                 2.7112,                 2.3756,                 3.0934,                0.00343,                      1,                0.00503,                0.00139,                 4.0515,                    inf,                 1243.6,               0.050206,               0.005206,               0.005206
                     29,                  2.531,                 2.3594,                 3.2278,                0.00343,                      1,                0.00503,                0.00139,                 5.4639,                    inf,                   1135,               0.048384,               0.005384,               0.005384
                     30,                 2.6462,                 2.2555,                 3.1809,                0.00343,                      1,                0.00503,                0.00139,                 5.3815,                    inf,                 1144.8,               0.046561,              0.0055612,              0.0055612
                     31,                 2.7324,                 2.1341,                 3.2186,                0.00343,                      1,                0.00503,                0.00139,                 5.3815,                    inf,                 1144.8,               0.044738,              0.0057377,              0.0057377
                     32,                 2.5515,                 2.1236,                 3.1058,                 0.0008,                    0.1,                0.00045,                  5e-05,                 5.1097,                    inf,                 835.32,               0.042913,              0.0059133,              0.0059133
                     33,                 2.5471,                 2.1243,                 3.1446,                 0.0028,                    0.4,                0.00224,                0.00047,                 4.0174,                    inf,                  332.5,               0.041088,              0.0060882,              0.0060882
                     34,                 2.4774,                 2.0867,                 3.1429,                 0.0028,                    0.4,                0.00224,                0.00047,                 4.0174,                    inf,                  332.5,               0.039262,              0.0062622,              0.0062622
                     35,                 2.8099,                 2.2798,                 3.1926,                0.00238,                    0.4,                0.00424,                0.00082,                 3.9614,                    inf,                 234.15,               0.037435,              0.0064355,              0.0064355
                     36,                 2.5384,                 2.2327,                 3.1784,                0.00033,                    0.1,                0.00026,                  3e-05,                 3.9356,                    inf,                  187.6,               0.035608,               0.006608,               0.006608
                     37,                 2.3823,                 2.0294,                 3.0646,                0.00033,                    0.1,                0.00026,                  3e-05,                 3.9356,                    inf,                  187.6,                0.03378,              0.0067797,              0.0067797
                     38,                 2.4528,                 1.8749,                 3.0507,                0.00033,                    0.1,                0.00026,                  3e-05,                 3.9612,                    inf,                 165.39,               0.031951,              0.0069505,              0.0069505
                     39,                 2.5954,                 2.0286,                 3.2161,                0.00033,                    0.1,                0.00026,                  3e-05,                 3.9612,                    inf,                 126.35,               0.030121,              0.0071207,              0.0071207
                     40,                 2.4727,                  1.978,                 3.0579,                0.00033,                    0.1,                0.00026,                  3e-05,                 3.9612,                    inf,                 126.35,                0.02829,                0.00729,                0.00729
                     41,                 2.4025,                 1.9499,                 3.1482,                0.00033,                    0.1,                0.00026,                  3e-05,                 3.9284,                    inf,                  108.2,               0.026458,              0.0074585,              0.0074585
                     42,                 2.4023,                 1.7979,                 3.0711,                0.00033,                    0.1,                0.00026,                  3e-05,                 4.0194,                    inf,                 143.72,               0.024626,              0.0076262,              0.0076262
                     43,                 2.2823,                 1.9622,                 2.9808,                0.00033,                    0.1,                0.00026,                  3e-05,                 4.0194,                    inf,                 143.72,               0.022793,              0.0077931,              0.0077931
                     44,                 2.4954,                 2.1168,                 3.0381,                0.00033,                    0.1,                0.00026,                  3e-05,                 3.3443,                    inf,                 98.274,               0.020959,              0.0079593,              0.0079593
                     45,                  2.702,                 2.0435,                 3.1208,                0.00033,                    0.1,                0.00026,                  3e-05,                 3.3443,                    inf,                 98.274,               0.019125,              0.0081246,              0.0081246
                     46,                 2.3972,                 1.8417,                  3.021,                0.00033,                    0.1,                0.00026,                  3e-05,                 3.8858,                    inf,                 82.981,               0.017289,              0.0082892,              0.0082892
                     47,                 2.2005,                 1.6631,                 2.9796,                0.00033,                    0.1,                0.00026,                  3e-05,                 3.8858,                    inf,                 82.981,               0.015453,               0.008453,               0.008453
                     48,                 2.4222,                 1.8781,                 3.2216,                0.00136,                    0.4,                 0.0014,                0.00025,                 4.0067,                    inf,                 54.899,               0.013616,              0.0086159,              0.0086159
                     49,                 2.3047,                 1.9322,                 3.0708,                0.00136,                    0.4,                 0.0014,                0.00025,                 4.0067,                    inf,                 54.899,               0.011778,              0.0087781,              0.0087781
                     50,                 2.4054,                 1.8283,                 3.0661,                0.00212,                    0.6,                 0.0017,                0.00064,                 3.0248,                    inf,                 29.834,              0.0099395,              0.0089395,              0.0089395
                     51,                 2.3212,                  1.939,                 3.0656,                0.00212,                    0.6,                 0.0017,                0.00064,                 3.0248,                    inf,                 29.834,                0.00901,                0.00901,                0.00901
                     52,                 2.2388,                 1.8385,                 2.9243,                0.00428,                      1,                0.00477,                0.00142,                 2.6199,                    inf,                 20.381,              0.0089902,              0.0089902,              0.0089902
                     53,                 2.6041,                   1.67,                 3.2071,                0.00428,                      1,                0.00477,                0.00142,                 2.6199,                    inf,                 20.381,              0.0089704,              0.0089704,              0.0089704
                     54,                 2.3089,                 1.7621,                 3.0392,                0.00562,                      1,                0.00587,                0.00179,                 2.4981,                 677.72,                 11.945,              0.0089506,              0.0089506,              0.0089506
                     55,                  2.424,                 1.8576,                 3.1179,                0.00562,                      1,                0.00587,                0.00179,                 2.4981,                 677.72,                 11.945,              0.0089308,              0.0089308,              0.0089308
                     56,                 2.4047,                 2.1957,                 2.9485,                0.00444,                    0.9,                0.00431,                0.00147,                 2.5969,                 364.98,                 11.027,               0.008911,               0.008911,               0.008911
                     57,                 2.4711,                 1.7682,                 3.1932,                0.00444,                    0.9,                0.00431,                0.00147,                 2.5969,                 364.98,                 11.027,              0.0088912,              0.0088912,              0.0088912
                     58,                 2.4499,                 1.9543,                 3.0761,                0.02062,                    0.9,                0.02473,                0.01056,                 2.1877,                 14.786,                 5.7765,              0.0088714,              0.0088714,              0.0088714
                     59,                  2.287,                 1.9237,                 2.9735,                0.02062,                    0.9,                0.02473,                0.01056,                 2.1877,                 14.786,                 5.7765,              0.0088516,              0.0088516,              0.0088516
                     60,                 2.3853,                 1.8832,                 3.1227,                0.08831,                    0.7,                0.09848,                0.04741,                 2.0675,                 4.1953,                  3.265,              0.0088318,              0.0088318,              0.0088318
                     61,                 2.3325,                 1.6315,                 2.9854,                0.08831,                    0.7,                0.09848,                0.04741,                 2.0675,                 4.1953,                  3.265,               0.008812,               0.008812,               0.008812
                     62,                 2.1014,                 1.4807,                 2.9609,                0.29395,                    0.6,                0.33393,                0.18191,                 2.0785,                 4.7591,                 3.1027,              0.0087922,              0.0087922,              0.0087922
                     63,                 2.3019,                 1.9553,                 2.9048,                0.29395,                    0.6,                0.33393,                0.18191,                 2.0785,                 4.7591,                 3.1027,              0.0087724,              0.0087724,              0.0087724
                     64,                 2.2754,                 1.7418,                 3.0163,                  0.445,                0.40101,                0.46125,                0.22296,                  2.267,                 5.3581,                 3.5466,              0.0087526,              0.0087526,              0.0087526
                     65,                 2.3007,                 1.7251,                 2.9082,                  0.445,                0.40101,                0.46125,                0.22296,                  2.267,                 5.3581,                 3.5466,              0.0087328,              0.0087328,              0.0087328
                     66,                 2.3097,                 1.7364,                 2.9388,                 0.0712,                    0.7,                0.07217,                 0.0272,                 2.3891,                 10.803,                 3.9787,               0.008713,               0.008713,               0.008713
                     67,                 2.1006,                 1.7114,                 2.8592,                 0.0712,                    0.7,                0.07217,                 0.0272,                 2.3891,                 10.803,                 3.9787,              0.0086932,              0.0086932,              0.0086932
                     68,                 2.3153,                  1.835,                 3.0108,                0.05434,                    0.9,                0.05587,                0.02068,                 2.3912,                 24.706,                 4.1146,              0.0086734,              0.0086734,              0.0086734
                     69,                 2.1823,                 1.5764,                 2.8205,                0.05434,                    0.9,                0.05587,                0.02068,                 2.3912,                 24.706,                 4.1146,              0.0086536,              0.0086536,              0.0086536
                     70,                 1.9958,                 1.4757,                 2.8577,                0.03807,                      1,                0.05279,                 0.0224,                 2.2031,                 74.201,                 4.1252,              0.0086338,              0.0086338,              0.0086338
                     71,                 2.2618,                 1.7011,                 2.8997,                0.03807,                      1,                0.05279,                 0.0224,                 2.2031,                 74.201,                 4.1252,               0.008614,               0.008614,               0.008614
                     72,                 2.2118,                 1.8111,                 2.9217,                0.03198,                      1,                 0.0706,                0.02952,                 2.1285,                 117.85,                 3.8863,              0.0085942,              0.0085942,              0.0085942
                     73,                 2.2112,                 1.6002,                  2.843,                0.03198,                      1,                 0.0706,                0.02952,                 2.1285,                 117.85,                 3.8863,              0.0085744,              0.0085744,              0.0085744
                     74,                 2.3559,                 1.5928,                 2.7618,                0.01271,                      1,                0.08287,                0.03355,                 2.0666,                 252.21,                 4.1734,              0.0085546,              0.0085546,              0.0085546
                     75,                 2.0291,                 1.7926,                 2.7645,                0.01271,                      1,                0.08287,                0.03355,                 2.0666,                 252.21,                 4.1734,              0.0085348,              0.0085348,              0.0085348
                     76,                 2.2192,                 1.7905,                 2.9057,                0.08182,                    0.9,                0.09217,                0.04401,                 1.9016,                 217.55,                 4.0947,               0.008515,               0.008515,               0.008515
                     77,                 2.2736,                  1.742,                 2.9564,                0.08182,                    0.9,                0.09217,                0.04401,                 1.9016,                 217.55,                 4.0947,              0.0084952,              0.0084952,              0.0084952
                     78,                 2.1901,                  1.538,                 2.8385,                0.10753,                      1,                0.11391,                0.05369,                 1.8951,                 134.16,                  3.995,              0.0084754,              0.0084754,              0.0084754
                     79,                 2.1203,                 1.6271,                 2.7356,                0.10753,                      1,                0.11391,                0.05369,                 1.8951,                 134.16,                  3.995,              0.0084556,              0.0084556,              0.0084556
                     80,                 2.2114,                 1.6502,                 2.9306,                0.13699,                      1,                0.25174,                0.12266,                 1.9297,                 80.859,                 3.7789,              0.0084358,              0.0084358,              0.0084358
                     81,                 2.2138,                 1.6462,                  2.844,                0.13699,                      1,                0.25174,                0.12266,                 1.9297,                 80.859,                 3.7789,               0.008416,               0.008416,               0.008416
                     82,                 2.1513,                 1.6895,                 2.8172,                0.19231,                      1,                0.37192,                  0.123,                 2.1117,                 63.919,                 3.5904,              0.0083962,              0.0083962,              0.0083962
                     83,                 2.1021,                 1.7345,                 2.8122,                0.19231,                      1,                0.37192,                  0.123,                 2.1117,                 63.919,                 3.5904,              0.0083764,              0.0083764,              0.0083764
                     84,                 2.2095,                 1.7128,                 2.8088,                 0.1097,                      1,                0.52162,                0.18399,                 2.1519,                 26.719,                 3.2071,              0.0083566,              0.0083566,              0.0083566
                     85,                 2.0085,                 1.5491,                 2.7628,                 0.1097,                      1,                0.52162,                0.18399,                 2.1519,                 26.719,                 3.2071,              0.0083368,              0.0083368,              0.0083368
                     86,                 2.1552,                  1.732,                 2.8437,                 0.4274,                    0.8,                0.60275,                0.17787,                 2.0574,                 6.4782,                 2.9131,               0.008317,               0.008317,               0.008317
                     87,                 2.0394,                  1.549,                 2.7505,                 0.4274,                    0.8,                0.60275,                0.17787,                 2.0574,                 6.4782,                 2.9131,              0.0082972,              0.0082972,              0.0082972
                     88,                 2.3498,                 1.6564,                 2.9862,                0.14815,                    0.8,                 0.1434,                0.07483,                 1.7576,                 5.1622,                 2.5966,              0.0082774,              0.0082774,              0.0082774
                     89,                 1.9986,                 1.4955,                 2.9151,                0.14815,                    0.8,                 0.1434,                0.07483,                 1.7576,                 5.1622,                 2.5966,              0.0082576,              0.0082576,              0.0082576
                     90,                 2.1457,                 1.4765,                 2.8248,                0.10608,                    0.5,                0.08631,                0.05376,                 1.5528,                  5.201,                 2.4545,              0.0082378,              0.0082378,              0.0082378
                     91,                 2.0992,                 1.6383,                 2.7236,                0.10608,                    0.5,                0.08631,                0.05376,                 1.5528,                  5.201,                 2.4545,               0.008218,               0.008218,               0.008218
                     92,                 2.1806,                 1.7382,                 2.8349,                0.12356,                    0.3,                0.09302,                0.06292,                 1.6529,                  4.666,                 2.5922,              0.0081982,              0.0081982,              0.0081982
                     93,                 2.0466,                  1.639,                 2.8808,                0.12356,                    0.3,                0.09302,                0.06292,                 1.6529,                  4.666,                 2.5922,              0.0081784,              0.0081784,              0.0081784
                     94,                 2.0778,                 1.6496,                 2.7788,                0.23497,                    0.3,                0.16427,                0.10698,                 1.6439,                 3.9266,                 2.6067,              0.0081586,              0.0081586,              0.0081586
                     95,                 2.0971,                 1.6438,                 2.8864,                0.23497,                    0.3,                0.16427,                0.10698,                 1.6439,                 3.9266,                 2.6067,              0.0081388,              0.0081388,              0.0081388
                     96,                 2.1442,                 1.6921,                 2.8263,                0.01768,                    0.6,                 0.0291,                0.01714,                  1.704,                 3.9966,                  2.616,               0.008119,               0.008119,               0.008119
                     97,                 2.0976,                 1.7382,                 2.7969,                0.01768,                    0.6,                 0.0291,                0.01714,                  1.704,                 3.9966,                  2.616,              0.0080992,              0.0080992,              0.0080992
                     98,                 2.0136,                 1.4797,                 2.7136,                0.01768,                    0.6,                 0.0291,                0.01714,                 2.4276,                 6.3579,                 3.1006,              0.0080794,              0.0080794,              0.0080794
                     99,                  2.143,                  1.711,                 2.8297,                0.01768,                    0.6,                 0.0291,                0.01714,                 2.4276,                 6.3579,                 3.1006,              0.0080596,              0.0080596,              0.0080596
                    100,                 1.8205,                 1.5692,                 2.7766,                0.01768,                    0.6,                 0.0291,                0.01714,                 2.5425,                 7.4403,                  3.247,              0.0080398,              0.0080398,              0.0080398
                    101,                  1.991,                 1.5295,                   2.74,                0.01768,                    0.6,                 0.0291,                0.01714,                 2.5425,                 7.4403,                  3.247,                0.00802,                0.00802,                0.00802
                    102,                  2.144,                 1.7466,                 2.7025,                0.00077,                    0.1,                0.00042,                  8e-05,                 2.5405,                 6.9298,                 3.2026,              0.0080002,              0.0080002,              0.0080002
                    103,                 2.0815,                 1.6648,                 2.7483,                0.00077,                    0.1,                0.00042,                  8e-05,                 2.5405,                 6.9298,                 3.2026,              0.0079804,              0.0079804,              0.0079804
                    104,                 2.1049,                 1.5793,                 2.8915,                0.06416,                    0.1,                0.03583,                0.01672,                 2.2071,                 5.1437,                 2.9282,              0.0079606,              0.0079606,              0.0079606
                    105,                  1.907,                 1.5415,                 2.6164,                0.06416,                    0.1,                0.03583,                0.01672,                 2.2071,                 5.1437,                 2.9282,              0.0079408,              0.0079408,              0.0079408
                    106,                 1.8733,                 1.6727,                 2.6533,                 0.4213,                    0.7,                0.57088,                0.32727,                 1.6323,                 10.041,                  2.525,               0.007921,               0.007921,               0.007921
                    107,                 2.0357,                 1.6306,                 2.7953,                 0.4213,                    0.7,                0.57088,                0.32727,                 1.6323,                 10.041,                  2.525,              0.0079012,              0.0079012,              0.0079012
                    108,                 2.1655,                 1.6315,                 2.7972,                0.53355,                    0.6,                0.75656,                0.45889,                 1.6821,                 18.861,                 2.6307,              0.0078814,              0.0078814,              0.0078814
                    109,                 1.8706,                 1.4694,                 2.6944,                0.53355,                    0.6,                0.75656,                0.45889,                 1.6821,                 18.861,                 2.6307,              0.0078616,              0.0078616,              0.0078616
                    110,                  1.976,                 1.6486,                 2.7231,                0.63629,                0.69979,                0.78357,                0.51039,                 1.5577,                 12.932,                 2.4302,              0.0078418,              0.0078418,              0.0078418
                    111,                 2.0449,                 1.6593,                 2.6544,                0.63629,                0.69979,                0.78357,                0.51039,                 1.5577,                 12.932,                 2.4302,               0.007822,               0.007822,               0.007822
                    112,                 2.1695,                 1.7321,                 2.6485,                0.64161,                    0.9,                0.83328,                0.56846,                 1.4856,                 4.8398,                 2.3585,              0.0078022,              0.0078022,              0.0078022
                    113,                 1.8973,                 1.5082,                 2.6817,                0.64161,                    0.9,                0.83328,                0.56846,                 1.4856,                 4.8398,                 2.3585,              0.0077824,              0.0077824,              0.0077824
                    114,                 2.0577,                 1.5657,                 2.7988,                      1,                0.98969,                  0.995,                 0.6833,                 1.5465,                 3.1201,                 2.4127,              0.0077626,              0.0077626,              0.0077626
                    115,                 2.0269,                 1.5353,                 2.6347,                      1,                0.98969,                  0.995,                 0.6833,                 1.5465,                 3.1201,                 2.4127,              0.0077428,              0.0077428,              0.0077428
                    116,                 1.9886,                 1.5685,                 2.6598,                0.86003,                    0.8,                0.96167,                0.65333,                 1.4927,                 2.1936,                 2.4465,               0.007723,               0.007723,               0.007723
                    117,                 1.7992,                 1.3352,                 2.6265,                0.86003,                    0.8,                0.96167,                0.65333,                 1.4927,                 2.1936,                 2.4465,              0.0077032,              0.0077032,              0.0077032
                    118,                 1.8301,                 1.4568,                 2.6122,                0.72369,                    0.8,                0.85077,                0.59611,                 1.4631,                 1.6339,                 2.3679,              0.0076834,              0.0076834,              0.0076834
                    119,                 1.9931,                 1.5982,                 2.6343,                0.72369,                    0.8,                0.85077,                0.59611,                 1.4631,                 1.6339,                 2.3679,              0.0076636,              0.0076636,              0.0076636
                    120,                 2.0945,                 1.4439,                  2.678,                0.78703,                    0.6,                0.80987,                  0.561,                 1.5522,                 1.5935,                 2.5139,              0.0076438,              0.0076438,              0.0076438
                    121,                 1.7689,                 1.4325,                 2.6378,                0.78703,                    0.6,                0.80987,                  0.561,                 1.5522,                 1.5935,                 2.5139,               0.007624,               0.007624,               0.007624
                    122,                 1.9453,                 1.5473,                 2.5931,                0.67326,                    0.7,                0.76238,                0.49459,                 1.6068,                 1.4275,                 2.5814,              0.0076042,              0.0076042,              0.0076042
                    123,                 1.8809,                 1.4615,                 2.7229,                0.67326,                    0.7,                0.76238,                0.49459,                 1.6068,                 1.4275,                 2.5814,              0.0075844,              0.0075844,              0.0075844
                    124,                 2.0554,                 1.5929,                 2.6921,                 0.6232,                    0.7,                0.69425,                0.49796,                 1.4866,                 1.4336,                 2.3207,              0.0075646,              0.0075646,              0.0075646
                    125,                 1.7846,                 1.4936,                 2.6209,                 0.6232,                    0.7,                0.69425,                0.49796,                 1.4866,                 1.4336,                 2.3207,              0.0075448,              0.0075448,              0.0075448
                    126,                 1.9454,                 1.5546,                 2.6759,                0.61168,                    0.7,                0.63043,                 0.4436,                 1.5119,                 1.6178,                 2.3245,               0.007525,               0.007525,               0.007525
                    127,                 1.8174,                 1.3975,                 2.6459,                0.61168,                    0.7,                0.63043,                 0.4436,                 1.5119,                 1.6178,                 2.3245,              0.0075052,              0.0075052,              0.0075052
                    128,                 1.8854,                 1.4756,                  2.643,                0.69416,                    0.7,                0.77616,                0.51467,                 1.5031,                  1.284,                  2.325,              0.0074854,              0.0074854,              0.0074854
                    129,                 1.9028,                 1.4957,                  2.512,                0.69416,                    0.7,                0.77616,                0.51467,                 1.5031,                  1.284,                  2.325,              0.0074656,              0.0074656,              0.0074656
                    130,                 1.8909,                 1.5422,                 2.6364,                0.70798,                      1,                0.88253,                0.56446,                 1.5026,                 1.1922,                 2.3406,              0.0074458,              0.0074458,              0.0074458
                    131,                 1.8084,                 1.5892,                 2.5614,                0.70798,                      1,                0.88253,                0.56446,                 1.5026,                 1.1922,                 2.3406,               0.007426,               0.007426,               0.007426
                    132,                 1.7852,                  1.256,                 2.5283,                0.54042,                0.70594,                0.82703,                 0.5403,                 1.5911,                 1.2953,                 2.4089,              0.0074062,              0.0074062,              0.0074062
                    133,                 1.9873,                 1.4296,                  2.661,                0.54042,                0.70594,                0.82703,                 0.5403,                 1.5911,                 1.2953,                 2.4089,              0.0073864,              0.0073864,              0.0073864
                    134,                 1.7374,                 1.4277,                 2.4969,                0.40948,                    0.5,                0.48656,                0.32375,                 1.6981,                 1.7597,                 2.5085,              0.0073666,              0.0073666,              0.0073666
                    135,                 1.7515,                 1.2592,                 2.7374,                0.40948,                    0.5,                0.48656,                0.32375,                 1.6981,                 1.7597,                 2.5085,              0.0073468,              0.0073468,              0.0073468
                    136,                 1.8767,                 1.4333,                 2.6027,                0.16207,                    0.4,                0.14577,                0.09821,                 1.7402,                 2.2782,                 2.6641,               0.007327,               0.007327,               0.007327
                    137,                 1.6602,                 1.2804,                 2.5968,                0.16207,                    0.4,                0.14577,                0.09821,                 1.7402,                 2.2782,                 2.6641,              0.0073072,              0.0073072,              0.0073072
                    138,                 1.8755,                  1.486,                 2.6268,                 0.4885,                    0.1,                0.19197,                0.05243,                 1.9869,                 2.6308,                 3.2444,              0.0072874,              0.0072874,              0.0072874
                    139,                 1.9075,                 1.4348,                 2.5657,                 0.4885,                    0.1,                0.19197,                0.05243,                 1.9869,                 2.6308,                 3.2444,              0.0072676,              0.0072676,              0.0072676
                    140,                  2.036,                 1.4681,                 2.6581,                0.61471,                    0.1,                0.14356,                0.03612,                 2.1974,                 3.3545,                 3.6568,              0.0072478,              0.0072478,              0.0072478
                    141,                 1.9866,                 1.4813,                 2.6962,                0.61471,                    0.1,                0.14356,                0.03612,                 2.1974,                 3.3545,                 3.6568,               0.007228,               0.007228,               0.007228
                    142,                 1.8626,                  1.348,                 2.6002,                0.06352,                    0.5,                 0.0586,                0.02761,                  1.917,                 3.1418,                 3.1731,              0.0072082,              0.0072082,              0.0072082
                    143,                 1.9366,                  1.607,                 2.5453,                0.06352,                    0.5,                 0.0586,                0.02761,                  1.917,                 3.1418,                 3.1731,              0.0071884,              0.0071884,              0.0071884
                    144,                 1.7739,                 1.3184,                 2.5298,                0.09018,                    0.5,                0.10093,                0.03198,                 2.0467,                 2.8036,                 3.2651,              0.0071686,              0.0071686,              0.0071686
                    145,                 1.9229,                 1.4144,                   2.54,                0.09018,                    0.5,                0.10093,                0.03198,                 2.0467,                 2.8036,                 3.2651,              0.0071488,              0.0071488,              0.0071488
                    146,                 1.7579,                 1.2791,                 2.5632,                0.09925,                    0.1,                0.09597,                  0.034,                 2.2096,                 2.9502,                 3.2903,               0.007129,               0.007129,               0.007129
                    147,                 1.8615,                 1.3798,                 2.6039,                0.09925,                    0.1,                0.09597,                  0.034,                 2.2096,                 2.9502,                 3.2903,              0.0071092,              0.0071092,              0.0071092
                    148,                 1.9009,                 1.4773,                 2.7108,                0.03358,                    0.9,                0.09161,                0.03523,                 2.1223,                 3.3307,                 3.1051,              0.0070894,              0.0070894,              0.0070894
                    149,                 1.6974,                 1.3408,                 2.5123,                0.03358,                    0.9,                0.09161,                0.03523,                 2.1223,                 3.3307,                 3.1051,              0.0070696,              0.0070696,              0.0070696
                    150,                 1.8928,                 1.5287,                  2.538,                0.16117,                    0.2,                0.17633,                0.07086,                 2.3049,                 2.9811,                 3.2022,              0.0070498,              0.0070498,              0.0070498
                    151,                  1.774,                 1.3283,                 2.5096,                0.16117,                    0.2,                0.17633,                0.07086,                 2.3049,                 2.9811,                 3.2022,                0.00703,                0.00703,                0.00703
                    152,                 1.8593,                 1.4579,                 2.5919,                0.21715,                    0.5,                0.17695,                0.06802,                   2.38,                 2.8058,                 3.1863,              0.0070102,              0.0070102,              0.0070102
                    153,                 1.8174,                 1.2588,                 2.5272,                0.21715,                    0.5,                0.17695,                0.06802,                   2.38,                 2.8058,                 3.1863,              0.0069904,              0.0069904,              0.0069904
                    154,                 1.8214,                 1.4105,                 2.5753,                0.15026,                    0.5,                0.13494,                0.05622,                 2.3895,                 2.7625,                 3.1625,              0.0069706,              0.0069706,              0.0069706
                    155,                 1.8817,                 1.3304,                 2.5722,                0.15026,                    0.5,                0.13494,                0.05622,                 2.3895,                 2.7625,                 3.1625,              0.0069508,              0.0069508,              0.0069508
                    156,                 1.7282,                 1.2795,                 2.5595,                0.11723,                    0.4,                0.10661,                0.04703,                 2.4471,                 2.6477,                 3.1934,               0.006931,               0.006931,               0.006931
                    157,                 1.8099,                 1.3384,                 2.5648,                0.11723,                    0.4,                0.10661,                0.04703,                 2.4471,                 2.6477,                 3.1934,              0.0069112,              0.0069112,              0.0069112
                    158,                 1.7619,                 1.2657,                 2.7014,                0.34762,                0.53429,                0.51817,                0.29667,                 2.2427,                 2.0465,                 3.0374,              0.0068914,              0.0068914,              0.0068914
                    159,                 1.8317,                 1.3689,                 2.6044,                0.34762,                0.53429,                0.51817,                0.29667,                 2.2427,                 2.0465,                 3.0374,              0.0068716,              0.0068716,              0.0068716
                    160,                 1.7567,                 1.4898,                 2.5328,                      1,                0.78236,                0.92945,                0.65534,                 1.5249,                 1.5231,                 2.4736,              0.0068518,              0.0068518,              0.0068518
                    161,                 1.8102,                 1.3511,                 2.6368,                      1,                0.78236,                0.92945,                0.65534,                 1.5249,                 1.5231,                 2.4736,               0.006832,               0.006832,               0.006832
                    162,                 1.8457,                 1.3495,                 2.6357,                0.71994,                      1,                0.92885,                0.62531,                 1.4624,                  4.303,                 2.3485,              0.0068122,              0.0068122,              0.0068122
                    163,                 1.6364,                 1.2681,                 2.5789,                0.71994,                      1,                0.92885,                0.62531,                 1.4624,                  4.303,                 2.3485,              0.0067924,              0.0067924,              0.0067924
                    164,                 1.7507,                  1.413,                 2.6603,                0.85678,                      1,                0.96773,                0.67724,                  1.479,                 5.0221,                 2.4141,              0.0067726,              0.0067726,              0.0067726
                    165,                 1.6024,                  1.362,                 2.4637,                0.85678,                      1,                0.96773,                0.67724,                  1.479,                 5.0221,                 2.4141,              0.0067528,              0.0067528,              0.0067528
                    166,                 1.6522,                 1.3782,                 2.5088,                      1,                0.98968,                  0.995,                0.68339,                 1.6505,                 2.7661,                 2.6948,               0.006733,               0.006733,               0.006733
                    167,                 1.7525,                 1.3919,                 2.5378,                      1,                0.98968,                  0.995,                0.68339,                 1.6505,                 2.7661,                 2.6948,              0.0067132,              0.0067132,              0.0067132
                    168,                 1.8044,                 1.4757,                 2.4728,                      1,                0.89719,                0.97192,                0.62587,                 1.6515,                 1.4897,                 2.9116,              0.0066934,              0.0066934,              0.0066934
                    169,                 1.7656,                 1.3852,                 2.5517,                      1,                0.89719,                0.97192,                0.62587,                 1.6515,                 1.4897,                 2.9116,              0.0066736,              0.0066736,              0.0066736
                    170,                 2.0281,                 1.4421,                 2.5644,                0.96714,                    0.8,                0.90771,                0.56734,                 1.7347,                 1.2728,                 2.9489,              0.0066538,              0.0066538,              0.0066538
                    171,                 1.7494,                 1.3211,                 2.5511,                0.96714,                    0.8,                0.90771,                0.56734,                 1.7347,                 1.2728,                 2.9489,               0.006634,               0.006634,               0.006634
                    172,                 1.7898,                 1.3799,                 2.6199,                      1,                0.95263,                  0.995,                0.67264,                 1.6202,                 1.3301,                 2.7759,              0.0066142,              0.0066142,              0.0066142
                    173,                  1.648,                 1.4022,                 2.4584,                      1,                0.95263,                  0.995,                0.67264,                 1.6202,                 1.3301,                 2.7759,              0.0065944,              0.0065944,              0.0065944
                    174,                 1.7772,                 1.3298,                  2.595,                0.95395,                      1,                  0.995,                0.73159,                  1.449,                 1.7181,                 2.4628,              0.0065746,              0.0065746,              0.0065746
                    175,                 1.7682,                 1.3471,                 2.4969,                0.95395,                      1,                  0.995,                0.73159,                  1.449,                 1.7181,                 2.4628,              0.0065548,              0.0065548,              0.0065548
                    176,                 1.7237,                 1.3851,                 2.5683,                0.92847,                    0.9,                0.98591,                0.72218,                 1.4622,                 1.6332,                 2.4434,               0.006535,               0.006535,               0.006535
                    177,                 1.6527,                 1.2826,                 2.4437,                0.92847,                    0.9,                0.98591,                0.72218,                 1.4622,                 1.6332,                 2.4434,              0.0065152,              0.0065152,              0.0065152
                    178,                 1.6665,                  1.275,                 2.4431,                0.97904,                      1,                  0.995,                0.74838,                 1.3397,                  1.622,                 2.2947,              0.0064954,              0.0064954,              0.0064954
                    179,                 1.6842,                 1.3276,                 2.4055,                0.97904,                      1,                  0.995,                0.74838,                 1.3397,                  1.622,                 2.2947,              0.0064756,              0.0064756,              0.0064756
                    180,                 1.5703,                 1.1667,                 2.4088,                0.82801,                      1,                0.97682,                 0.7262,                 1.3268,                  1.543,                 2.2732,              0.0064558,              0.0064558,              0.0064558
                    181,                 1.7143,                 1.2758,                 2.5906,                0.82801,                      1,                0.97682,                 0.7262,                 1.3268,                  1.543,                 2.2732,               0.006436,               0.006436,               0.006436
                    182,                 1.6766,                 1.2754,                 2.4591,                0.78995,                      1,                  0.945,                0.72124,                 1.4112,                 1.3015,                 2.3371,              0.0064162,              0.0064162,              0.0064162
                    183,                 1.6594,                 1.2172,                 2.4648,                0.78995,                      1,                  0.945,                0.72124,                 1.4112,                 1.3015,                 2.3371,              0.0063964,              0.0063964,              0.0063964
                    184,                 1.7278,                 1.1905,                 2.5604,                0.96421,                    0.7,                0.92885,                0.68535,                 1.4464,                 1.1926,                 2.3562,              0.0063766,              0.0063766,              0.0063766
                    185,                 1.7796,                  1.249,                 2.5438,                0.96421,                    0.7,                0.92885,                0.68535,                 1.4464,                 1.1926,                 2.3562,              0.0063568,              0.0063568,              0.0063568
                    186,                 1.7857,                 1.4051,                 2.3711,                      1,                0.81754,                0.97833,                0.68539,                 1.4584,                 1.1901,                 2.4008,               0.006337,               0.006337,               0.006337
                    187,                  1.735,                 1.1853,                 2.4965,                      1,                0.81754,                0.97833,                0.68539,                 1.4584,                 1.1901,                 2.4008,              0.0063172,              0.0063172,              0.0063172
                    188,                 1.7328,                 1.1598,                 2.4694,                      1,                0.97281,                  0.995,                0.61904,                 1.5697,                 1.1952,                 2.5579,              0.0062974,              0.0062974,              0.0062974
                    189,                 1.8895,                 1.4636,                 2.4625,                      1,                0.97281,                  0.995,                0.61904,                 1.5697,                 1.1952,                 2.5579,              0.0062776,              0.0062776,              0.0062776
                    190,                 1.7979,                 1.2595,                 2.5383,                0.90646,                 0.9711,                0.97682,                0.55388,                 1.5854,                 1.3185,                 2.5943,              0.0062578,              0.0062578,              0.0062578
                    191,                 1.8429,                  1.232,                  2.589,                0.90646,                 0.9711,                0.97682,                0.55388,                 1.5854,                 1.3185,                 2.5943,               0.006238,               0.006238,               0.006238
                    192,                 1.8042,                 1.2446,                 2.5644,                0.47419,                    0.7,                0.51767,                0.32734,                 1.4842,                 1.9839,                 2.4907,              0.0062182,              0.0062182,              0.0062182
                    193,                 1.7134,                  1.241,                 2.4576,                0.47419,                    0.7,                0.51767,                0.32734,                 1.4842,                 1.9839,                 2.4907,              0.0061984,              0.0061984,              0.0061984
                    194,                 1.7401,                 1.2267,                 2.4706,                0.56681,                0.65638,                 0.5898,                0.42725,                 1.4085,                 1.9762,                 2.3762,              0.0061786,              0.0061786,              0.0061786
                    195,                 1.7447,                 1.2576,                 2.5386,                0.56681,                0.65638,                 0.5898,                0.42725,                 1.4085,                 1.9762,                 2.3762,              0.0061588,              0.0061588,              0.0061588
                    196,                  1.863,                 1.3564,                 2.5326,                0.77179,                    0.6,                0.78206,                0.56458,                 1.4971,                    1.8,                 2.4857,               0.006139,               0.006139,               0.006139
                    197,                  1.887,                  1.256,                 2.5419,                0.77179,                    0.6,                0.78206,                0.56458,                 1.4971,                    1.8,                 2.4857,              0.0061192,              0.0061192,              0.0061192
                    198,                 1.6897,                 1.2655,                 2.4335,                0.62956,                    0.7,                0.61672,                0.37668,                 1.9665,                 2.1399,                 3.0598,              0.0060994,              0.0060994,              0.0060994
                    199,                 1.7209,                 1.1913,                  2.402,                0.62956,                    0.7,                0.61672,                0.37668,                 1.9665,                 2.1399,                 3.0598,              0.0060796,              0.0060796,              0.0060796
                    200,                 1.6287,                 1.1729,                 2.3761,                0.54625,                 0.8443,                0.63463,                0.37746,                 2.0957,                 2.0532,                 3.2061,              0.0060598,              0.0060598,              0.0060598
                    201,                 1.5055,                 1.0812,                  2.331,                0.54625,                 0.8443,                0.63463,                0.37746,                 2.0957,                 2.0532,                 3.2061,                0.00604,                0.00604,                0.00604
                    202,                 1.7034,                 1.2354,                  2.529,                0.72601,                0.79535,                0.72404,                0.48498,                 1.8564,                 1.8776,                 2.8971,              0.0060202,              0.0060202,              0.0060202
                    203,                 1.6722,                 1.3213,                 2.3099,                0.72601,                0.79535,                0.72404,                0.48498,                 1.8564,                 1.8776,                 2.8971,              0.0060004,              0.0060004,              0.0060004
                    204,                 1.6837,                 1.3132,                 2.4239,                0.68568,                    0.6,                0.71017,                0.40531,                 1.9637,                 2.0061,                 3.0393,              0.0059806,              0.0059806,              0.0059806
                    205,                 1.6524,                 1.1651,                 2.4414,                0.68568,                    0.6,                0.71017,                0.40531,                 1.9637,                 2.0061,                 3.0393,              0.0059608,              0.0059608,              0.0059608
                    206,                 1.8426,                 1.2577,                 2.5308,                0.74789,                 0.5941,                0.72535,                0.42301,                 1.8822,                 1.9826,                 2.9245,               0.005941,               0.005941,               0.005941
                    207,                 1.4838,                 1.1197,                  2.333,                0.74789,                 0.5941,                0.72535,                0.42301,                 1.8822,                 1.9826,                 2.9245,              0.0059212,              0.0059212,              0.0059212
                    208,                  1.626,                 1.2179,                 2.3496,                0.62586,                    0.9,                0.79097,                0.57268,                 1.5943,                 1.6963,                 2.7063,              0.0059014,              0.0059014,              0.0059014
                    209,                 1.5525,                 1.1209,                  2.484,                0.62586,                    0.9,                0.79097,                0.57268,                 1.5943,                 1.6963,                 2.7063,              0.0058816,              0.0058816,              0.0058816
                    210,                 1.5431,                 1.1482,                  2.462,                0.83429,                    0.7,                0.85959,                0.63863,                  1.455,                 1.8668,                 2.4843,              0.0058618,              0.0058618,              0.0058618
                    211,                  1.613,                 1.2097,                 2.4383,                0.83429,                    0.7,                0.85959,                0.63863,                  1.455,                 1.8668,                 2.4843,               0.005842,               0.005842,               0.005842
                    212,                 1.5643,                 1.1834,                 2.4309,                0.80393,                0.82162,                0.89284,                0.61818,                 1.5694,                  2.469,                 2.5543,              0.0058222,              0.0058222,              0.0058222
                    213,                 1.7303,                   1.23,                 2.4091,                0.80393,                0.82162,                0.89284,                0.61818,                 1.5694,                  2.469,                 2.5543,              0.0058024,              0.0058024,              0.0058024
                    214,                 1.7245,                 1.2356,                  2.468,                0.93498,                    0.6,                0.84147,                0.57558,                 1.6315,                 2.8873,                 2.6582,              0.0057826,              0.0057826,              0.0057826
                    215,                 1.7654,                 1.2313,                 2.4638,                0.93498,                    0.6,                0.84147,                0.57558,                 1.6315,                 2.8873,                 2.6582,              0.0057628,              0.0057628,              0.0057628
                    216,                 1.7042,                 1.2251,                 2.4101,                0.95579,                    0.6,                 0.7913,                0.53759,                 1.5833,                 2.9447,                 2.6105,               0.005743,               0.005743,               0.005743
                    217,                 1.5873,                 1.2919,                 2.4231,                0.95579,                    0.6,                 0.7913,                0.53759,                 1.5833,                 2.9447,                 2.6105,              0.0057232,              0.0057232,              0.0057232
                    218,                 1.6268,                 1.2314,                 2.4038,                 0.7327,                    0.7,                0.83023,                0.60935,                  1.391,                 2.0623,                 2.4153,              0.0057034,              0.0057034,              0.0057034
                    219,                 1.7089,                 1.2995,                 2.4114,                 0.7327,                    0.7,                0.83023,                0.60935,                  1.391,                 2.0623,                 2.4153,              0.0056836,              0.0056836,              0.0056836
                    220,                 1.5367,                 1.2185,                 2.3983,                      1,                0.98928,                  0.995,                0.66283,                 1.4365,                 1.5858,                 2.3659,              0.0056638,              0.0056638,              0.0056638
                    221,                 1.5636,                 1.1654,                 2.3958,                      1,                0.98928,                  0.995,                0.66283,                 1.4365,                 1.5858,                 2.3659,               0.005644,               0.005644,               0.005644
                    222,                 1.5349,                  1.213,                 2.3719,                0.89303,                      1,                0.98591,                0.66303,                 1.5865,                 1.3633,                 2.5192,              0.0056242,              0.0056242,              0.0056242
                    223,                 1.6034,                 1.1434,                 2.3369,                0.89303,                      1,                0.98591,                0.66303,                 1.5865,                 1.3633,                 2.5192,              0.0056044,              0.0056044,              0.0056044
                    224,                 1.5768,                 1.2215,                 2.3699,                0.92217,                    0.9,                0.97833,                0.63635,                 1.6004,                 1.2448,                 2.5493,              0.0055846,              0.0055846,              0.0055846
                    225,                 1.4568,                 1.0756,                 2.2817,                0.92217,                    0.9,                0.97833,                0.63635,                 1.6004,                 1.2448,                 2.5493,              0.0055648,              0.0055648,              0.0055648
                    226,                 1.5518,                  1.111,                 2.3892,                0.89727,                    0.8,                0.96833,                0.67476,                 1.5419,                 1.1495,                 2.4668,               0.005545,               0.005545,               0.005545
                    227,                 1.5983,                 1.2903,                 2.3918,                0.89727,                    0.8,                0.96833,                0.67476,                 1.5419,                 1.1495,                 2.4668,              0.0055252,              0.0055252,              0.0055252
                    228,                 1.6064,                 1.1675,                 2.4307,                      1,                0.89313,                0.97833,                0.64096,                 1.4919,                 1.1576,                  2.496,              0.0055054,              0.0055054,              0.0055054
                    229,                 1.3917,                 1.0669,                   2.22,                      1,                0.89313,                0.97833,                0.64096,                 1.4919,                 1.1576,                  2.496,              0.0054856,              0.0054856,              0.0054856
                    230,                 1.5044,                 1.1705,                 2.2656,                0.83582,                    0.9,                0.94643,                0.57922,                 1.4482,                  1.223,                 2.4628,              0.0054658,              0.0054658,              0.0054658
                    231,                 1.4949,                   1.06,                 2.3248,                0.83582,                    0.9,                0.94643,                0.57922,                 1.4482,                  1.223,                 2.4628,               0.005446,               0.005446,               0.005446
                    232,                 1.4814,                 1.0644,                 2.2451,                0.89498,                0.85486,                0.96192,                0.60079,                 1.3737,                 1.3154,                 2.3547,              0.0054262,              0.0054262,              0.0054262
                    233,                 1.6125,                 1.0996,                 2.3497,                0.89498,                0.85486,                0.96192,                0.60079,                 1.3737,                 1.3154,                 2.3547,              0.0054064,              0.0054064,              0.0054064
                    234,                 1.4859,                 1.0332,                  2.378,                0.95802,                      1,                  0.995,                0.66335,                 1.3081,                 1.4687,                 2.1972,              0.0053866,              0.0053866,              0.0053866
                    235,                 1.5476,                 1.1487,                 2.3847,                0.95802,                      1,                  0.995,                0.66335,                 1.3081,                 1.4687,                 2.1972,              0.0053668,              0.0053668,              0.0053668
                    236,                 1.5072,                 1.0655,                 2.3603,                0.96721,                      1,                  0.995,                 0.6801,                   1.27,                 1.9015,                 2.1242,               0.005347,               0.005347,               0.005347
                    237,                 1.6511,                 1.1767,                 2.4348,                0.96721,                      1,                  0.995,                 0.6801,                   1.27,                 1.9015,                 2.1242,              0.0053272,              0.0053272,              0.0053272
                    238,                 1.3352,                0.98264,                 2.1715,                      1,                0.85368,                0.97192,                0.62719,                 1.2073,                 2.1698,                 2.0621,              0.0053074,              0.0053074,              0.0053074
                    239,                  1.624,                  1.145,                 2.3936,                      1,                0.85368,                0.97192,                0.62719,                 1.2073,                 2.1698,                 2.0621,              0.0052876,              0.0052876,              0.0052876
                    240,                 1.3752,                 1.0106,                 2.2032,                0.91945,                    0.8,                0.95643,                0.65234,                 1.1798,                 2.1606,                 2.0027,              0.0052678,              0.0052678,              0.0052678
                    241,                 1.5195,                 1.1144,                 2.1967,                0.91945,                    0.8,                0.95643,                0.65234,                 1.1798,                 2.1606,                 2.0027,               0.005248,               0.005248,               0.005248
                    242,                 1.5598,                  1.053,                 2.3207,                0.90134,                    0.8,                0.94056,                0.66406,                 1.1518,                 1.7483,                 1.9687,              0.0052282,              0.0052282,              0.0052282
                    243,                 1.5333,                 1.0288,                 2.3767,                0.90134,                    0.8,                0.94056,                0.66406,                 1.1518,                 1.7483,                 1.9687,              0.0052084,              0.0052084,              0.0052084
                    244,                 1.6637,                 1.2287,                 2.4342,                0.93682,                    0.7,                0.91771,                0.67986,                 1.2568,                 1.4339,                 2.1162,              0.0051886,              0.0051886,              0.0051886
                    245,                 1.5391,                 1.0919,                 2.3373,                0.93682,                    0.7,                0.91771,                0.67986,                 1.2568,                 1.4339,                 2.1162,              0.0051688,              0.0051688,              0.0051688
                    246,                 1.4513,                0.96041,                 2.2265,                0.97222,                    0.7,                0.91562,                 0.6871,                 1.2728,                 1.1075,                 2.1428,               0.005149,               0.005149,               0.005149
                    247,                 1.3336,                 1.0123,                 2.1243,                0.97222,                    0.7,                0.91562,                 0.6871,                 1.2728,                 1.1075,                 2.1428,              0.0051292,              0.0051292,              0.0051292
                    248,                 1.6467,                 1.1109,                 2.3348,                0.86608,                    0.8,                0.91444,                0.65101,                 1.2181,                 1.0826,                 2.0916,              0.0051094,              0.0051094,              0.0051094
                    249,                 1.5581,                 1.2006,                 2.3556,                0.86608,                    0.8,                0.91444,                0.65101,                 1.2181,                 1.0826,                 2.0916,              0.0050896,              0.0050896,              0.0050896
                    250,                 1.5178,                   1.12,                 2.3875,                0.87605,                    0.8,                0.90423,                0.59564,                 1.2351,                 1.1763,                 2.2312,              0.0050698,              0.0050698,              0.0050698
                    251,                 1.6275,                 1.0161,                  2.346,                0.87605,                    0.8,                0.90423,                0.59564,                 1.2351,                 1.1763,                 2.2312,                0.00505,                0.00505,                0.00505
                    252,                 1.4808,                 1.0732,                 2.3444,                      1,                0.78718,                0.86868,                0.50275,                 1.3912,                 1.1983,                 2.4587,              0.0050302,              0.0050302,              0.0050302
                    253,                 1.3775,                0.99979,                 2.2062,                      1,                0.78718,                0.86868,                0.50275,                 1.3912,                 1.1983,                 2.4587,              0.0050104,              0.0050104,              0.0050104
                    254,                 1.5248,                 1.0374,                 2.3039,                0.94093,                    0.7,                0.84773,                0.50037,                 1.4759,                 1.2812,                 2.5503,              0.0049906,              0.0049906,              0.0049906
                    255,                 1.6162,                 1.1296,                  2.356,                0.94093,                    0.7,                0.84773,                0.50037,                 1.4759,                 1.2812,                 2.5503,              0.0049708,              0.0049708,              0.0049708
                    256,                 1.5713,                 1.1059,                 2.3447,                0.81163,                0.86395,                0.93006,                0.54032,                 1.4273,                 1.0942,                 2.4888,               0.004951,               0.004951,               0.004951
                    257,                 1.5822,                 1.1116,                  2.334,                0.81163,                0.86395,                0.93006,                0.54032,                 1.4273,                 1.0942,                 2.4888,              0.0049312,              0.0049312,              0.0049312
                    258,                 1.4657,                 1.0134,                 2.2258,                0.70854,                0.97384,                0.90536,                 0.5769,                 1.3568,                 1.0446,                 2.3246,              0.0049114,              0.0049114,              0.0049114
                    259,                 1.5305,                 1.1056,                 2.2982,                0.70854,                0.97384,                0.90536,                 0.5769,                 1.3568,                 1.0446,                 2.3246,              0.0048916,              0.0048916,              0.0048916
                    260,                 1.5449,                 1.0766,                 2.4264,                0.75613,                    0.9,                 0.8976,                0.57443,                 1.3782,                 1.1072,                 2.3115,              0.0048718,              0.0048718,              0.0048718
                    261,                 1.4478,                0.98053,                 2.2573,                0.75613,                    0.9,                 0.8976,                0.57443,                 1.3782,                 1.1072,                 2.3115,               0.004852,               0.004852,               0.004852
                    262,                 1.4736,                 0.9771,                 2.2158,                0.82868,                    0.6,                0.72155,                  0.364,                 1.7152,                 1.5549,                 2.6858,              0.0048322,              0.0048322,              0.0048322
                    263,                 1.4541,                 1.0482,                  2.366,                0.82868,                    0.6,                0.72155,                  0.364,                 1.7152,                 1.5549,                 2.6858,              0.0048124,              0.0048124,              0.0048124
                    264,                 1.3521,                 1.0154,                 2.2003,                0.72312,                    0.5,                0.63254,                0.29437,                 1.9535,                 1.9836,                 2.9031,              0.0047926,              0.0047926,              0.0047926
                    265,                 1.4059,                0.98408,                 2.1748,                0.72312,                    0.5,                0.63254,                0.29437,                 1.9535,                 1.9836,                 2.9031,              0.0047728,              0.0047728,              0.0047728
                    266,                 1.5195,                 1.2055,                 2.3132,                0.94287,                    0.5,                0.66865,                0.32724,                 1.9676,                 2.0187,                 2.9164,               0.004753,               0.004753,               0.004753
                    267,                 1.4753,                 1.0236,                 2.2318,                0.94287,                    0.5,                0.66865,                0.32724,                 1.9676,                 2.0187,                 2.9164,              0.0047332,              0.0047332,              0.0047332
                    268,                 1.6919,                 1.1893,                 2.3697,                0.83656,                    0.7,                 0.7726,                0.41963,                  1.896,                 1.6297,                 2.7653,              0.0047134,              0.0047134,              0.0047134
                    269,                 1.3978,                0.93096,                 2.2324,                0.83656,                    0.7,                 0.7726,                0.41963,                  1.896,                 1.6297,                 2.7653,              0.0046936,              0.0046936,              0.0046936
                    270,                  1.478,                 1.0306,                 2.3338,                0.78393,                    0.8,                0.82999,                0.46432,                 1.7491,                 1.3388,                 2.5871,              0.0046738,              0.0046738,              0.0046738
                    271,                 1.2773,                0.92523,                 2.1394,                0.78393,                    0.8,                0.82999,                0.46432,                 1.7491,                 1.3388,                 2.5871,               0.004654,               0.004654,               0.004654
                    272,                 1.4126,                 1.0031,                 2.1868,                0.91615,                    0.8,                0.96192,                0.53169,                 1.5877,                 1.2611,                 2.4724,              0.0046342,              0.0046342,              0.0046342
                    273,                 1.4728,                 1.0598,                 2.2247,                0.91615,                    0.8,                0.96192,                0.53169,                 1.5877,                 1.2611,                 2.4724,              0.0046144,              0.0046144,              0.0046144
                    274,                 1.4107,                0.98686,                 2.2199,                0.70827,                      1,                0.92306,                0.56874,                 1.3536,                  1.128,                 2.2215,              0.0045946,              0.0045946,              0.0045946
                    275,                  1.503,                 1.1797,                 2.3394,                0.70827,                      1,                0.92306,                0.56874,                 1.3536,                  1.128,                 2.2215,              0.0045748,              0.0045748,              0.0045748
                    276,                 1.4476,                 1.0156,                 2.2901,                0.67608,                      1,                0.92143,                0.64641,                 1.2072,                 1.0567,                 2.0459,               0.004555,               0.004555,               0.004555
                    277,                 1.4857,                0.97823,                 2.3383,                0.67608,                      1,                0.92143,                0.64641,                 1.2072,                 1.0567,                 2.0459,              0.0045352,              0.0045352,              0.0045352
                    278,                  1.303,                0.89526,                 2.2232,                0.74395,                    0.9,                0.90506,                0.61725,                 1.2851,                 1.0653,                 2.0901,              0.0045154,              0.0045154,              0.0045154
                    279,                 1.4475,                 1.0029,                 2.1382,                0.74395,                    0.9,                0.90506,                0.61725,                 1.2851,                 1.0653,                 2.0901,              0.0044956,              0.0044956,              0.0044956
